"","hostel.name","City","price.from","Distance","summary.score","rating.band","atmosphere","cleanliness","facilities","location.y","security","staff","valueformoney"
"1","""Bike & Bed"" CharinCo Hostel","Osaka",3300,"2.9km from city centre",9.2,"Superb",8.9,9.4,9.3,8.9,9,9.4,9.4
"2","& And Hostel","Fukuoka-City",2600,"0.7km from city centre",9.5,"Superb",9.4,9.7,9.5,9.7,9.2,9.7,9.5
"3","&And Hostel Akihabara","Tokyo",3600,"7.8km from city centre",8.7,"Fabulous",8,7,9,8,10,10,9
"4","&And Hostel Ueno","Tokyo",2600,"8.7km from city centre",7.4,"Very Good",8,7.5,7.5,7.5,7,8,6.5
"5","&And Hostel-Asakusa North-","Tokyo",1500,"10.5km from city centre",9.4,"Superb",9.5,9.5,9,9,9.5,10,9.5
"6","1night1980hostel Tokyo","Tokyo",2100,"9.4km from city centre",7,"Very Good",5.5,8,6,6,8.5,8.5,6.5
"7","328 Hostel & Lounge","Tokyo",3300,"16.5km from city centre",9.3,"Superb",8.7,9.7,9.3,9.1,9.3,9.7,8.9
"8","36Hostel","Hiroshima",2000,"1.6km from city centre",9.5,"Superb",8.8,9.9,9.2,9.6,9.8,9.8,9.5
"9","3Q House - Asakusa Smile","Tokyo",2500,"10.2km from city centre",NA,NA,NA,NA,NA,NA,NA,NA,NA
"10","Ace Inn Shinjuku","Tokyo",2200,"3km from city centre",7.7,"Very Good",6.7,7.2,6.8,8.5,7.8,8.5,8.1
"11","Air Osaka Hostel","Osaka",1600,"9.7km from city centre",9.2,"Superb",9.5,9.1,8.7,8.8,8.9,9.8,9.5
"12","Aizuya Inn","Tokyo",2000,"10.6km from city centre",8.5,"Fabulous",8.1,8.3,8.4,7.8,8.9,9.1,8.9
"13","Akihabara Hotel 3000","Tokyo",2200,"8km from city centre",10,"Superb",10,10,10,10,10,10,10
"14","Almond hostel & cafe Shibuya","Tokyo",2900,"2.2km from city centre",9.3,"Superb",9.1,9.5,8.8,9.5,9.4,9.7,9
"15","Anne Hostel Asakusabashi","Tokyo",2000,"8.9km from city centre",9.1,"Superb",8.8,9.2,8.7,9,9.1,9.5,9.2
"16","Anne Hostel Yokozuna","Tokyo",1800,"9.5km from city centre",9.1,"Superb",8.8,9.1,9,9.2,9.3,9.3,9.2
"17","Ark Hostel","Osaka",2700,"1.9km from city centre",9,"Superb",8.7,9.2,8.9,8.8,9.1,9.2,9
"18","ARTnSHELTER","Tokyo",2400,"10.5km from city centre",8.3,"Fabulous",8.2,8.1,7.7,7.9,9.1,9,8.3
"19","AS House (Asakusa Smile)","Tokyo",1600,"10km from city centre",7.8,"Very Good",7.9,6.2,7,9,8.2,8,8.3
"20","Asakusa Hostel Toukaisou","Tokyo",1300,"9.3km from city centre",8.9,"Fabulous",7.9,9.4,8.3,9.5,9.2,8.9,9.2
"21","Asakusa Ryokan Toukaisou","Tokyo",3600,"9.3km from city centre",8.7,"Fabulous",8,8.4,8.4,8.8,8.8,9.4,8.8
"22","Asakusahotel Wasou","Tokyo",2000,"9.9km from city centre",9.4,"Superb",8.7,9.3,9,9.7,10,10,9.3
"23","Astro Station","Tokyo",3500,"3.8km from city centre",8.4,"Fabulous",7.1,9.1,8,9.7,7.1,8.6,8.9
"24","B&S Eco Cube Shinsaibashi","Osaka",2600,"4km from city centre",8.6,"Fabulous",7.5,9,8,8.5,10,8,9
"25","Backpackers Hostel K's House Hiroshima","Hiroshima",2600,"1.9km from city centre",9.4,"Superb",9,9.5,9.2,9.4,9.5,9.7,9.3
"26","Backpackers Hostel K's House Kyoto","Kyoto",1800,"2.4km from city centre",9.2,"Superb",9,9.3,9.2,9.1,9.5,9.4,9.1
"27","Backpackers Hostel K's House Tokyo","Tokyo",2100,"9.2km from city centre",9.2,"Superb",9.1,9.3,9,8.6,9.5,9.6,9
"28","Backpackers Hotel Toyo Osaka","Osaka",1500,"6.5km from city centre",8.8,"Fabulous",8.1,8.2,8.5,8.9,9.3,9.3,9.3
"29","Backstage Osaka Hostel & Bar","Osaka",2200,"4.5km from city centre",8.8,"Fabulous",8.8,8.2,8.1,9.5,8.6,9.3,9.2
"30","Beagle Tokyo Hostel & Apartments","Tokyo",3800,"16.1km from city centre",9,"Superb",8,10,9,8,9,9,10
"31","Bed Stock","Fukuoka-City",2500,"1.1km from city centre",8.9,"Fabulous",8.6,9.9,8.1,9.4,8.9,9,8.6
"32","Beehive Hostel Osaka","Osaka",2900,"3.4km from city centre",9.1,"Superb",8.8,9.2,8.7,8.8,9.5,9.7,9.2
"33","Bigtree Guesthouse","Osaka",2900,"36.6km from city centre",9.6,"Superb",9.3,9.8,9.3,9.1,10,10,9.3
"34","Bird Hostel","Kyoto",2700,"1.1km from city centre",9.3,"Superb",8.9,9.5,9.5,9.4,9.2,9.5,9.4
"35","bnb+ Ninja Dojo Ueno","Tokyo",2500,"8km from city centre",5.2,"Rating",4,3.3,4,8.7,5.3,4.7,6.7
"36","bnb+Shinjuku Castle","Tokyo",2500,"1.3km from city centre",5,"Rating",2.7,4,3.3,7.3,5.3,5.3,6.7
"37","Bonfire Hostel Osaka","Osaka",1800,"9.5km from city centre",9.2,"Superb",7.6,9.6,10,8,9.6,10,9.6
"38","Bonsai Guest House","Osaka",1800,"5.9km from city centre",8.7,"Fabulous",7.5,9.1,8.4,9.5,8.9,8.9,8.8
"39","Book and Bed Tokyo - Kyoto","Kyoto",3800,"0.9km from city centre",9.1,"Superb",9,10,8.5,9.5,8.5,10,8
"40","Book And Bed Tokyo Asakusa","Tokyo",4100,"9.6km from city centre",9.1,"Superb",8.7,9.7,8.6,9.4,9.5,9.3,8.6
"41","Book And Bed Tokyo Fukuoka","Fukuoka-City",4300,"0.3km from city centre",8.6,"Fabulous",8,10,6,10,8,10,8
"42","Book And Bed Tokyo Ikebukuro","Tokyo",4100,"4.9km from city centre",8.2,"Fabulous",8.9,8,8,9.1,7.7,8.6,7.4
"43","Bunka Hostel Tokyo","Tokyo",2200,"9.5km from city centre",9.3,"Superb",8.8,9.3,9.3,9.5,9.4,9.8,9.2
"44","Calendar Hotel","Kyoto",3500,"8.8km from city centre",NA,NA,NA,NA,NA,NA,NA,NA,NA
"45","Capsule Hotel Anshin Oyado Akihabara","Tokyo",6200,"0km from city centre",NA,NA,NA,NA,NA,NA,NA,NA,NA
"46","Capsule Hotel Anshin Oyado Shinbashi","Tokyo",6000,"6.6km from city centre",NA,NA,NA,NA,NA,NA,NA,NA,NA
"47","Capsule Hotel Asahi Plaza Shinsaibashi","Osaka",3000,"4km from city centre",9.9,"Superb",10,10,10,10,10,10,9
"48","Capsule Inn Kinshichou","Tokyo",2600,"10.9km from city centre",8.6,"Fabulous",6,10,8,8,10,8,10
"49","Capsule Resort Kyoto Square","Kyoto",3100,"1.3km from city centre",9.6,"Superb",9.1,10,9.6,10,9.8,9.8,9.1
"50","Capsule Value Kanda","Tokyo",3000,"7.1km from city centre",8.6,"Fabulous",8,8.7,7.3,9.3,8.7,9.3,8.7
"51","Casa Macondo","Osaka",3000,"5km from city centre",6.9,"Good",6.5,6.5,7.5,7,7,6.5,7
"52","Centurion Cabin & Spa Kyoto","Kyoto",2500,"1.1km from city centre",8.9,"Fabulous",7.9,9.6,9.1,9.6,8.9,8.5,8.6
"53","Centurion Hotel Residential Akasaka","Tokyo",2600,"4.5km from city centre",9,"Superb",7.5,9.3,9.3,9.3,9.5,8.9,9
"54","Centurion Ladies Hostel Uenopark (Female only)","Tokyo",2500,"7.4km from city centre",8.9,"Fabulous",7.7,8.9,9.1,9.1,9.3,8.9,9.3
"55","Chaganjutei","Kyoto",3300,"14.1km from city centre",9.6,"Superb",10,10,9,9,9,10,10
"56","CITAN Hostel","Tokyo",2500,"8.1km from city centre",9.4,"Superb",9.3,9.8,9.5,9.1,9.5,9.6,9.3
"57","Coco Hostel Osaka","Osaka",2100,"4.7km from city centre",8.5,"Fabulous",7.2,9.2,8,9.8,8.2,8.8,8.2
"58","Colours","Kyoto",1600,"1.8km from city centre",8.9,"Fabulous",4,10,10,8,10,10,10
"59","Comics & CapsuleHotel COMICAP kyotoshinkyogoku","Kyoto",2000,"0.7km from city centre",9.6,"Superb",9.1,9.8,9.8,9.8,9.4,9.3,9.7
"60","Common de Hostel & Bar","Fukuoka-City",2500,"0.8km from city centre",9.9,"Superb",10,10,10,9,10,10,10
"61","Daikoku Hostel","Osaka",2800,"5.8km from city centre",8,"Fabulous",6,8,8,8,9,9,8
"62","Dotombori Base","Osaka",2500,"4.3km from city centre",8.7,"Fabulous",8.6,8.3,7.7,9.7,8.6,9.4,8.9
"63","Downtown Inn Kyoto","Kyoto",1000,"1.4km from city centre",9.3,"Superb",8.9,9.7,9.7,9.1,9.1,8.6,9.7
"64","Drop Inn Osaka","Osaka",2800,"1.4km from city centre",8.8,"Fabulous",8.3,9.5,9,8.3,9.1,8.5,8.7
"65","Edo Tokyo Hostel","Tokyo",1800,"15.8km from city centre",8.1,"Fabulous",8,8.5,8,7.5,7,8.5,9
"66","Emblem Hostel Nishiarai","Tokyo",2000,"13.3km from city centre",9.3,"Superb",9.5,9.8,9.7,7.4,9.8,9.8,9.5
"67","ENAKA Asakusa Central Hostel","Tokyo",2600,"9.7km from city centre",9.3,"Superb",8.9,9.8,9.3,9.6,9.6,9.1,8.9
"68","Ezstay Osaka","Osaka",2000,"4.6km from city centre",3.1,"Rating",2,2,2,4,6,2,4
"69","Fairfield House","Kyoto",1700,"1.9km from city centre",9.3,"Superb",9.1,9.6,9.4,8.7,9.3,9.6,9.7
"70","Family & bAKpAK Tokyo Hostel","Tokyo",1800,"9.8km from city centre",7.4,"Very Good",6.5,6.5,7.5,7.5,8.5,6.5,9
"71","Friends Kyo","Kyoto",2200,"1.2km from city centre",10,"Superb",10,10,10,10,10,10,10
"72","FUJITAYA Kyoto","Kyoto",3500,"2.6km from city centre",NA,NA,NA,NA,NA,NA,NA,NA,NA
"73","Fukuoka Backpackers Hostel","Fukuoka-City",2300,"2.5km from city centre",8.3,"Fabulous",7.5,8.6,8,8.2,8.8,8.9,8.1
"74","Fukuoka Hana Hostel","Fukuoka-City",2500,"0.8km from city centre",9,"Superb",8.3,9.2,8.8,9.5,9,9.3,9
"75","Funtoco Backpackers Namba","Osaka",2300,"5.5km from city centre",9.3,"Superb",8.9,9.6,9,9,9.5,10,9.4
"76","Gion Ryokan Q-beh","Kyoto",2800,"1.5km from city centre",9.5,"Superb",9,9.8,9.5,9.8,9.3,9.5,9.6
"77","Goen Lounge＆Stay","Osaka",2000,"18.2km from city centre",8.9,"Fabulous",8,10,10,6,8,10,10
"78","Gojo Guest House","Kyoto",2000,"1.9km from city centre",9.5,"Superb",9.6,9.5,8.8,9.6,9.3,10,9.8
"79","Gojo Guesthouse - Annex","Kyoto",2500,"1.7km from city centre",9.6,"Superb",8.7,10,9.3,9.3,10,10,10
"80","Good Diner Inn Copain","Tokyo",3300,"5.6km from city centre",9.1,"Superb",9.5,9.5,9.5,8,9,10,8.5
"81","Grids Kyoto Shijo Kawaramachi Hotel & Hostel","Kyoto",1800,"1km from city centre",9.7,"Superb",8.9,10,9.5,10,10,9.8,9.8
"82","GRIDS TOKYO AKIHABARA HOTEL&HOSTEL","Tokyo",2400,"8km from city centre",8.7,"Fabulous",7.8,9.4,8.7,8.7,8.8,8.7,8.7
"83","Grids Tokyo Asakusa-Bashi Hotel&Hostel","Tokyo",2200,"8.3km from city centre",9,"Superb",7.9,9.6,9,8.7,9.5,9.5,8.9
"84","GRIDS TOKYO NIHOMBASHI EAST HOTEL&HOSTEL","Tokyo",2400,"8.3km from city centre",8.3,"Fabulous",6.7,9.3,8.7,9.3,9.3,7.3,7.3
"85","Guest House Bola-Bola","Kyoto",2700,"6.1km from city centre",9.4,"Superb",9.3,9.9,9,8.8,9.4,9.9,9.4
"86","Guest House Com Inn Hiroshima","Hiroshima",2900,"2.5km from city centre",8.9,"Fabulous",7.3,10,8,8,10,10,8.7
"87","Guest House Denchi","Tokyo",3600,"9.2km from city centre",8.9,"Fabulous",8,10,6,8,10,10,10
"88","Guest House Ga-Jyun","Kyoto",2000,"1.4km from city centre",9.6,"Superb",9.6,9.7,9.4,9.4,9.4,9.9,9.9
"89","Guest House Hachi","Kyoto",3200,"3.2km from city centre",10,"Superb",10,10,10,10,10,10,10
"90","Guest House Hitsuji-An","Kyoto",2200,"1.3km from city centre",9.8,"Superb",9.5,10,9.5,10,10,10,9.5
"91","Guest House Hokorobi","Fukuoka-City",2400,"6km from city centre",8.4,"Fabulous",7.7,8.5,8.5,7.5,9.5,8.7,8.7
"92","Guest House Kaine","Fukuoka-City",2500,"0.7km from city centre",8.9,"Fabulous",10,9,8.5,9,7.5,10,8.5
"93","Guest House Kyoto Inn","Kyoto",1500,"3.3km from city centre",8.9,"Fabulous",8.7,9.4,9,8.1,8.6,9.4,8.9
"94","Guest House La Kongo","Osaka",2500,"4.2km from city centre",7.8,"Very Good",6,8,7.5,9,8,8.5,7.5
"95","Guest House Matsu","Osaka",1900,"7.4km from city centre",9.3,"Superb",9,9.7,9.2,8.7,9.3,9.7,9.5
"96","Guest House ODORI","Osaka",2800,"7.9km from city centre",8.6,"Fabulous",10,10,8,6,8,8,10
"97","Guest House Onoya","Osaka",2000,"3.3km from city centre",9.4,"Superb",9.5,10,10,8,9,10,9.5
"98","Guest House Renjishi Kabuki","Kyoto",1500,"2.5km from city centre",8.7,"Fabulous",8,8.9,7.9,8.7,9,9.8,8.6
"99","Guest House Roku","Hiroshima",2900,"2.7km from city centre",9.3,"Superb",9.5,9.5,9,9,9.2,9.8,9.4
"100","Guest House Shinagawa-shuku Tokyo","Tokyo",3300,"8.7km from city centre",9.2,"Superb",9,9.3,9.3,8.7,9,10,9
"101","Guest House Shiori Ann","Kyoto",1500,"2km from city centre",8.9,"Fabulous",6,8,10,9,10,9,10
"102","Guest House TRACE","Tokyo",2700,"8.7km from city centre",7.7,"Very Good",6,6,6,8,10,8,10
"103","Guest House Yahata","Kyoto",2500,"2km from city centre",8.6,"Fabulous",7.5,9.5,8.5,8,9.8,8.5,8.5
"104","Guest House YULULU","Kyoto",1500,"0.5km from city centre",8.6,"Fabulous",8.3,8.6,7.8,9.5,8.5,9.4,8.3
"105","Guesthouse Fete","Tokyo",2300,"9.7km from city centre",9.4,"Superb",9.8,9.2,8.9,8.8,9.5,9.9,9.4
"106","Guesthouse Fujitatami","Osaka",2200,"26.6km from city centre",9.1,"Superb",9.8,9.8,9.3,6.8,9,9.8,9.3
"107","Guesthouse Gloire","Osaka",2800,"3.9km from city centre",7.1,"Very Good",8,8,8,4,6,8,8
"108","Guesthouse HetoGep","Osaka",2500,"4.5km from city centre",9.1,"Superb",9.2,8.4,9.2,10,8.8,9.6,8.8
"109","Guesthouse Hiroshima Mange Tak","Hiroshima",2800,"1.4km from city centre",9.5,"Superb",8.9,9.8,9.4,9.6,9.6,9.7,9.3
"110","Guesthouse Kagaribi","Tokyo",2200,"11.8km from city centre",8.3,"Fabulous",8,8.8,8,6.8,8,9.6,8.8
"111","Guesthouse Morizou Female only","Osaka",2000,"3.7km from city centre",10,"Superb",10,10,10,10,10,10,10
"112","Guesthouse Origami","Kyoto",1500,"1.7km from city centre",8.1,"Fabulous",7.7,7.1,7.7,8.6,8.6,8.9,8
"113","Guesthouse SAI","Osaka",1800,"7km from city centre",8.9,"Fabulous",7.6,10,9.6,7.6,9.2,9.2,9.2
"114","Guesthouse Sensu","Tokyo",3300,"15.7km from city centre",9.3,"Superb",8,10,9.5,9,9,10,9.5
"115","Guesthouse Shitamachi-Kujo","Kyoto",1900,"3.9km from city centre",9.1,"Superb",10,10,8,8,10,10,8
"116","Guesthouse Soi","Kyoto",1700,"2.4km from city centre",9.5,"Superb",9.4,9.6,9.6,8.8,9.4,9.8,9.8
"117","Guesthouse U-En","Osaka",2300,"1.9km from city centre",9.5,"Superb",9.3,9.6,9.3,9.4,9.4,9.8,9.5
"118","Harborside Guest House MINATO","Fukuoka-City",2500,"1.5km from city centre",8.4,"Fabulous",7.5,9,8.5,7,9.5,9,8.5
"119","HARUYA Hostels Aqua","Kyoto",1500,"3.1km from city centre",9,"Superb",9,9,9,9,9,9,9
"120","HATAGO tenjin","Fukuoka-City",2300,"0.6km from city centre",8.4,"Fabulous",8.7,8.7,8.7,10,7.3,7.3,8
"121","Hikari House","Tokyo",4000,"1.4km from city centre",7.6,"Very Good",6.3,8,6.8,9.4,6.9,8.6,7.6
"122","Hiromas Hostel in Akiba","Tokyo",2700,"7.3km from city centre",9.2,"Superb",8.7,9.6,9.2,9.1,9.1,9.4,9.6
"123","Hiromas Hostel in Kanda","Tokyo",2000,"7.6km from city centre",9.3,"Superb",8.4,9.8,9.5,9.1,9.2,9.4,9.3
"124","Hiromas Inn  Chitose-Karasuyama","Tokyo",3000,"0km from city centre",7.5,"Very Good",7.1,9.1,7.4,7.4,6.3,6.9,8.3
"125","Hiroshima Hana Hostel","Hiroshima",2300,"2.4km from city centre",9,"Superb",8.1,9.3,8.8,9.4,8.9,9.5,9
"126","Hiroshima Hostel EN","Hiroshima",3000,"2.6km from city centre",9.6,"Superb",9.8,9.7,9.3,9.3,9.3,9.8,9.7
"127","Hisayo's Inn","Tokyo",3800,"15.7km from city centre",NA,NA,NA,NA,NA,NA,NA,NA,NA
"128","Home Hostel Osaka","Osaka",2700,"6.2km from city centre",9.7,"Superb",8.7,9.9,10,9.7,9.9,9.7,9.7
"129","Homeikan","Tokyo",3600,"6.3km from city centre",9.3,"Superb",9.1,9.4,9.1,9.1,9.1,10,9.1
"130","Hop Step Inn","Tokyo",1500,"8.5km from city centre",9.1,"Superb",8.5,9.6,9.3,8.3,9.6,9.4,9.2
"131","Hostel & Cafe Bar Backpackers Miyajima","Hiroshima",2900,"16.1km from city centre",9.2,"Superb",9.2,9.3,9,9.2,9.1,9.6,8.9
"132","Hostel 64 Osaka","Osaka",2700,"3.4km from city centre",8.6,"Fabulous",8.2,8.6,8.2,8.1,9.1,9,8.6
"133","Hostel bedgasm","Tokyo",2900,"9.5km from city centre",9.6,"Superb",9.6,9.8,9.6,9.1,9.5,9.9,9.7
"134","Hostel Bushi","Osaka",1900,"3.4km from city centre",8.8,"Fabulous",8.5,8.8,8.9,8.6,8.8,9.2,8.9
"135","Hostel Chapter Two Tokyo","Tokyo",2700,"9.8km from city centre",10,"Superb",10,10,10,10,10,10,10
"136","Hostel Chillout","Osaka",2300,"4.3km from city centre",9.6,"Superb",9.4,9.4,9.1,10,9.4,10,9.7
"137","hostel DEN","Tokyo",2400,"7.7km from city centre",9.4,"Superb",9.1,9.7,9.3,9,9.7,9.7,9.4
"138","Hostel Ebi","Kyoto",2500,"1km from city centre",9.7,"Superb",9.4,9.9,9.5,9.8,9.7,9.8,9.6
"139","Hostel Ebisutei Souzou with Sake Bar","Osaka",2400,"5.6km from city centre",9.2,"Superb",9.7,9,9,9.5,8.3,9.6,9.4
"140","Hostel Enisia Namba","Osaka",3000,"4.3km from city centre",9.3,"Superb",8.7,9.2,9.3,10,9.5,9.3,9.2
"141","Hostel Ginkakuji","Kyoto",1300,"2.7km from city centre",4.9,"Rating",2,10,6,6,2,2,6
"142","Hostel HARUYA Book","Kyoto",1500,"3.1km from city centre",8.6,"Fabulous",7.6,8.4,7.6,8,9.6,10,9.2
"143","Hostel HARUYA Kyoto","Kyoto",1500,"1km from city centre",9.6,"Superb",8,10,10,10,10,10,9
"144","HOSTEL HYAKU","Osaka",2700,"4.4km from city centre",9.5,"Superb",8.9,10,9.4,9.3,9.7,9.7,9.5
"145","Hostel J Culture 168","Osaka",3000,"5.3km from city centre",7.5,"Very Good",6.7,7.3,8.7,7.3,8,9.3,5.3
"146","Hostel Jin","Osaka",2500,"4.3km from city centre",9.6,"Superb",8.8,10,9.8,8.8,9.8,9.8,10
"147","Hostel Kyoto Kizuna","Kyoto",1800,"2.1km from city centre",9.4,"Superb",8.6,9.9,9.5,9.2,9.6,9.6,9.6
"148","Hostel LnK (Lodging & Kin)","Osaka",3300,"5.6km from city centre",9.5,"Superb",9.2,10,9.3,9.5,9.3,9.5,9.5
"149","Hostel Mallika","Hiroshima",2500,"0.7km from city centre",9.3,"Superb",8.5,9.5,9.2,9.7,9.4,9.6,9.3
"150","Hostel Mitsuwaya Osaka","Osaka",3200,"4.1km from city centre",9.6,"Superb",9.4,10,9.7,9.1,9.7,9.9,9.6
"151","Hostel moku-moku","Osaka",3500,"4km from city centre",9.6,"Superb",9,10,10,9.5,10,9.5,9.5
"152","Hostel Mundo","Kyoto",1400,"2.1km from city centre",8.4,"Fabulous",8,8.6,8,8,8.7,8.9,8.8
"153","Hostel Mundo Chiquito","Kyoto",1400,"1.4km from city centre",9.5,"Superb",9,9.8,9.3,9,9.8,10,9.8
"154","Hostel Namba Takumi","Osaka",2000,"4.6km from city centre",NA,NA,NA,NA,NA,NA,NA,NA,NA
"155","Hostel Pumpkey Tokyo","Tokyo",3400,"2.3km from city centre",8.7,"Fabulous",8.3,9,8.5,9,8.7,9,8.3
"156","Hostel Q","Osaka",2900,"4.2km from city centre",8.7,"Fabulous",9,7.3,8,9.7,9,9.3,8.3
"157","Hostel Rakutsuki","Osaka",1900,"4.7km from city centre",9.5,"Superb",9.3,9.5,8.7,9.8,9.8,9.8,9.8
"158","Hostel Stand By Me","Fukuoka-City",4000,"1.6km from city centre",NA,NA,NA,NA,NA,NA,NA,NA,NA
"159","Hostel Teltel Bouzu","Osaka",2500,"3.8km from city centre",9,"Superb",9,9,9,8.3,9.3,9.3,9
"160","Hostel TOKI","Fukuoka-City",2800,"1.9km from city centre",NA,NA,NA,NA,NA,NA,NA,NA,NA
"161","Hostel WAQWAQ Tokyo Ueno Asakusa","Tokyo",1600,"9km from city centre",8.9,"Fabulous",8.9,9.6,9,8.4,8.5,9,8.7
"162","HOSTEL WASABI Kyoto Machiya Soba","Kyoto",2000,"2.3km from city centre",9.1,"Superb",8.9,9.8,9.1,7.9,9,9.2,9.4
"163","HOSTEL WASABI Osaka Bed with Library","Osaka",1500,"4.5km from city centre",8.8,"Fabulous",8.1,9.1,8.7,9.5,8.2,9.2,9
"164","Hostel＆Café East57 Asakusabashi","Tokyo",2200,"8.7km from city centre",8.7,"Fabulous",7.8,9.3,7.8,9.1,9,9.1,8.6
"165","Hotel Cargo Shinsaibashi","Osaka",4200,"3.2km from city centre",9.3,"Superb",8.4,9.6,8.8,8.8,9.6,10,9.6
"166","Hotel Chuo","Osaka",1500,"6.4km from city centre",6.4,"Good",6,6,6,8,5,7,7
"167","Hotel Graphy Nezu","Tokyo",1800,"7.6km from city centre",8.9,"Fabulous",8.5,9.1,9.2,8.5,9.3,9.3,8.8
"168","Hotel Kawase Tokyo and Capsule","Tokyo",1900,"9.8km from city centre",6.4,"Good",5.4,5.1,6,8,6.3,7.4,6.6
"169","Hotel Mikado","Osaka",2000,"6.5km from city centre",8.7,"Fabulous",9.3,7.3,8,9.3,8,9.3,9.3
"170","Hotel Raizan South","Osaka",2000,"6.5km from city centre",8.1,"Fabulous",7,7,9,9,8,8,9
"171","Hotel Shin-Imamiya","Osaka",1400,"6.3km from city centre",6.6,"Good",4.8,7.3,6,7.8,8.3,6.3,5.8
"172","Hotel Sun Plaza","Osaka",1300,"6.3km from city centre",6.5,"Good",6,7.3,6,6.7,6,7.3,6
"173","Hotel Taiyo","Osaka",1500,"6.5km from city centre",8.1,"Fabulous",7.3,8,8,8.7,8.7,8,8
"174","Hotel Wako","Osaka",1600,"6.8km from city centre",6,"Good",4,4,6,6,8,6,8
"175","Hotel&Hostel On the Marks Tokyo Kawasaki","Tokyo",1900,"18.1km from city centre",9.6,"Superb",9.6,10,9.6,8.7,9.9,9.9,9.6
"176","Idocoro","Osaka",1800,"2.2km from city centre",8.2,"Fabulous",7.1,8.9,8,7.6,8.8,8.7,8.2
"177","Ikidane House","Tokyo",2000,"8.2km from city centre",9.1,"Superb",8,9.6,8.8,9.2,9.2,9.6,9.2
"178","Ikidane House Asakusa Hatago","Tokyo",2000,"10km from city centre",8.9,"Fabulous",10,10,10,4,10,8,10
"179","Ikidane House Namba","Osaka",1200,"6.5km from city centre",9.3,"Superb",8.9,9.6,9.7,8.8,8.9,9.6,9.6
"180","Ikoi-no-Ie Kyoto","Kyoto",2700,"2.2km from city centre",8,"Fabulous",6,8.8,8,8,9.2,8.4,7.6
"181","iloha Hostel Namba Shinsaibashi","Osaka",2600,"3.7km from city centre",9.2,"Superb",8.7,9.6,9.2,9.6,9.2,8.5,9.4
"182","IM Guest House","Osaka",1900,"6.2km from city centre",8.3,"Fabulous",7,8,7,8,9,10,9
"183","Imano Kyoto Kiyomizu Hostel","Kyoto",2200,"1.9km from city centre",9.2,"Superb",8.6,9.8,9.3,9.1,9.4,9.2,9.3
"184","Imano Tokyo Ginza Hostel","Tokyo",2700,"7.6km from city centre",8.9,"Fabulous",8.3,9.3,8.9,8.8,9.3,9.2,8.7
"185","Imano Tokyo Hostel","Tokyo",3300,"1.5km from city centre",8.6,"Fabulous",7.7,8.9,8.1,9.3,8.6,9.2,8.1
"186","IRORI Nihonbashi Hostel and Kitchen","Tokyo",2100,"8.3km from city centre",9,"Superb",8.9,8.9,8.9,9,9.2,9.3,8.8
"187","Iza Tokyo Asakusa Guesthouse","Tokyo",2500,"9.9km from city centre",9.3,"Superb",9.3,9.3,9.2,9.4,9.2,9.6,9.2
"188","J-Hoppers Hiroshima Guesthouse","Hiroshima",2300,"1.1km from city centre",9.1,"Superb",8.5,9.3,9,9.3,9.3,9.4,9.2
"189","J-Hoppers Kyoto Guest House","Kyoto",1900,"3.6km from city centre",9,"Superb",8.4,9.1,8.3,8.9,9.4,9.7,9.3
"190","J-Hoppers Osaka Guesthouse","Osaka",2300,"1.9km from city centre",9.5,"Superb",9.5,9.6,9.2,9.5,9.6,9.7,9.6
"191","J-Hoppers Osaka Universal","Osaka",2500,"6.4km from city centre",9.4,"Superb",9.3,9.7,9.2,8.7,9.7,10,9.5
"192","J's Backpackers","Tokyo",1600,"16.6km from city centre",8.3,"Fabulous",8,10,8,4,10,8,10
"193","Jam Hostel Kyoto Gion","Kyoto",1500,"0.9km from city centre",7.7,"Very Good",7,8,7,9.4,8,6.9,7.9
"194","Japanize Guest House","Tokyo",1900,"8.1km from city centre",7.6,"Very Good",7,6,7.7,8.7,7.7,8,8.3
"195","JGH Tokyo","Tokyo",1600,"13.2km from city centre",8.4,"Fabulous",8.1,8,8.1,7.1,8.8,9.8,8.9
"196","Jimbocho Sakura Hotel","Tokyo",2200,"5.9km from city centre",9.4,"Superb",9,9.5,10,9,9,9.5,10
"197","Jiyujin","Kyoto",2600,"2km from city centre",9.7,"Superb",9,10,9.8,9.5,10,9.7,9.7
"198","Juyoh Hotel","Tokyo",2900,"10.7km from city centre",8.3,"Fabulous",7.6,8.4,8.4,7.1,8.9,8.9,8.7
"199","Kaisu Hostel","Tokyo",3900,"4.4km from city centre",9.4,"Superb",9.1,9.7,9.3,9.3,9.6,9.5,9.2
"200","Kaneyoshi Ryokan, Namba Dotombori","Osaka",6500,"4.2km from city centre",9.4,"Superb",10,9,9,10,9,10,9
"201","Ken's House","Osaka",2000,"4.7km from city centre",8.7,"Fabulous",7.5,9,9,9.5,8,9,9
"202","Khaosan Kyoto Guest House","Kyoto",2000,"1.1km from city centre",8.9,"Fabulous",8.2,8.8,8.5,9.6,9.1,9,8.9
"203","Khaosan Tokyo Kabuki","Tokyo",3000,"9.7km from city centre",9.2,"Superb",8.8,8.8,8.8,9.8,9.5,9.5,9
"204","Khaosan Tokyo Laboratory","Tokyo",2600,"9.3km from city centre",9.1,"Superb",7.9,9.3,8.8,9.3,9.4,9.7,9.3
"205","Khaosan Tokyo Origami","Tokyo",2500,"10km from city centre",9.5,"Superb",8.9,9.7,9.6,9.4,9.7,9.7,9.4
"206","Khaosan Tokyo Samurai","Tokyo",2500,"9.5km from city centre",9.2,"Superb",8,9.3,9.3,9.4,9.5,9.4,9.4
"207","Khaosan World Asakusa RYOKAN & HOSTEL","Tokyo",2500,"9.5km from city centre",8.8,"Fabulous",8.5,8.7,8.5,8.9,9,9.2,8.6
"208","Khaosan World Namba","Osaka",2100,"4.5km from city centre",8.5,"Fabulous",7.4,8.4,8.4,9.1,8.9,9,8.4
"209","Khaosan World Ryogoku Hostel","Tokyo",2300,"9.5km from city centre",9,"Superb",8.2,9.1,8.9,9.6,9.1,9.3,8.4
"210","Khaosan World Tennoji Hostel","Osaka",2300,"6.6km from city centre",9,"Superb",8.3,9.7,9.7,9.3,8.7,9.3,8
"211","Kia Ora Budgetstay","Fukuoka-City",2600,"2km from city centre",9,"Superb",8,8.8,8.8,9.2,9.3,9.8,8.8
"212","Kintetsu Friendly Hostel -Osaka Tennoji Park-","Osaka",2000,"6.5km from city centre",9,"Superb",7.8,9.5,9.1,9.4,9.3,9.1,9
"213","Koenji Junjo Hotel","Tokyo",3300,"3.9km from city centre",NA,NA,NA,NA,NA,NA,NA,NA,NA
"214","Kyo To","Kyoto",2000,"1.9km from city centre",NA,NA,NA,NA,NA,NA,NA,NA,NA
"215","Kyoto Be Open Hostel","Kyoto",3400,"3.8km from city centre",9,"Superb",8.7,9.3,8.7,9.3,8.7,9.3,9.3
"216","Kyoto Guesthouse Roujiya","Kyoto",3500,"2.1km from city centre",8.1,"Fabulous",7.8,9,7.4,8,8.6,8.8,7.4
"217","Kyoto Hana Hostel","Kyoto",1800,"2.5km from city centre",8.9,"Fabulous",8.1,9.1,8.3,9.8,8.7,9.2,8.8
"218","Kyoto Hostel ZEN","Kyoto",2500,"0.7km from city centre",NA,NA,NA,NA,NA,NA,NA,NA,NA
"219","Kyoto Morris Hostel","Kyoto",2800,"0.5km from city centre",9.7,"Superb",9.4,9.9,9.9,9.3,9.8,9.8,9.8
"220","Kyoto Station Base","Kyoto",2500,"3.7km from city centre",8.9,"Fabulous",8.7,9.3,8.7,8,8.7,10,8.7
"221","Kyoto Tsukiusagi","Kyoto",3000,"8.7km from city centre",7.9,"Very Good",6.5,9.5,8,7,9,8,7.5
"222","Kyoto UTANO Youth Hostel","Kyoto",3400,"6.4km from city centre",9.3,"Superb",9,10,9.5,7,10,10,9.5
"223","Kyoubashi Ryokan","Hiroshima",3400,"1.8km from city centre",8.6,"Fabulous",6,10,6,10,10,8,10
"224","Len Kyoto","Kyoto",2500,"1.4km from city centre",9.6,"Superb",9.6,9.6,9.7,9.7,9.6,9.8,9.5
"225","Little Japan","Tokyo",2100,"8.5km from city centre",9.2,"Superb",8.7,9.3,9.3,8.7,9.2,9.5,9.5
"226","Lore Hostel Dontonbori","Osaka",2000,"4.3km from city centre",8.5,"Fabulous",7.1,7.7,8.6,9.7,9.1,8.6,8.9
"227","Lucky's","Osaka",2500,"3.2km from city centre",7.7,"Very Good",2,10,8,8,10,10,6
"228","Lyuro Tokyo Kiyosumi -The Share Hotels-","Tokyo",3200,"9.1km from city centre",9.4,"Superb",9.3,10,10,7.3,10,9.3,10
"229","montan HAKATA","Fukuoka-City",3000,"2.4km from city centre",9.4,"Superb",9.3,9.8,9.7,8.8,9.5,9.5,9.5
"230","Mosaic Hostel Kyoto","Kyoto",2500,"3.7km from city centre",9.6,"Superb",9.5,9.7,9.7,9.3,9.7,9.7,9.5
"231","Mosaic Machiya KSK","Kyoto",4000,"3.5km from city centre",NA,NA,NA,NA,NA,NA,NA,NA,NA
"232","Music Uni Street Backpackers Hostel","Osaka",3000,"6km from city centre",8.9,"Fabulous",9,9,9,8,8,10,9
"233","MyCUBE by MYSTAYS Asakusa-Kuramae","Tokyo",3200,"9.2km from city centre",8.8,"Fabulous",8,9.5,9,8,9,9,9
"234","Nadeshiko Hotel Shibuya (Female Only)","Tokyo",5500,"3.8km from city centre",9.2,"Superb",8.7,9.7,9.7,8.7,9.7,9.3,8.7
"235","Nagomi-Ryokan Yuu","Kyoto",3100,"2.2km from city centre",5.1,"Rating",6,6,2,8,6,2,6
"236","Nihonbashi Muromachi BAY HOTEL","Tokyo",4000,"7.6km from city centre",9.2,"Superb",9,9.7,8.7,8.3,10,9.3,9.3
"237","Norishico Auto Guesthouse","Fukuoka-City",2800,"16.1km from city centre",10,"Superb",10,10,10,10,10,10,10
"238","Nui. Hostel & Bar Lounge","Tokyo",2500,"9.3km from city centre",9.3,"Superb",9.5,9.6,9.4,8.6,9.3,9.6,9.4
"239","O-yado Sato","Kyoto",3900,"2.3km from city centre",9.1,"Superb",9,10,9,8,10,9,9
"240","Oak Hostel Zen","Tokyo",2200,"8.8km from city centre",9,"Superb",8.2,8.9,8.9,9.1,9.6,9.3,8.9
"241","Oak Hotel Edo","Tokyo",2200,"9.7km from city centre",7.6,"Very Good",4,10,8,8,8,8,7
"242","Oakhostel Cabin","Tokyo",2100,"8.6km from city centre",9,"Superb",8.1,9.5,9.1,8.4,9.4,9.2,9.2
"243","Oakhostel Fuji","Tokyo",2000,"10km from city centre",9,"Superb",8.2,9.2,8.9,8.9,9.4,9.1,9.2
"244","Oakhostel Sakura","Tokyo",1800,"11.3km from city centre",9.2,"Superb",8,10,9.3,9.3,9.7,9,9
"245","Obi Hostel","Tokyo",2000,"8.2km from city centre",9.1,"Superb",8.4,9.2,9,9,9.3,9.4,9.1
"246","Okara Guesthouse","Kyoto",1900,"2.4km from city centre",9.4,"Superb",9.2,9.8,9.4,9.2,9.4,9.4,9.4
"247","OKI's Inn","Kyoto",2500,"1.1km from city centre",9.4,"Superb",8.8,9.6,9.2,10,8.8,10,9.2
"248","Omotenashi Hostel Miyajima","Hiroshima",2500,"13.5km from city centre",9.1,"Superb",8.8,9.7,9.5,7.9,9.2,9.5,9.3
"249","Osaka Fuku Hostel Nagomi","Osaka",3000,"4.4km from city centre",9.3,"Superb",8.7,9.6,9,9.8,8.9,9.6,9.2
"250","Osaka Fuku Hostel Namba","Osaka",3000,"4.5km from city centre",8.9,"Fabulous",8.5,9,8.3,9.7,8.8,9.6,8.4
"251","Osaka Guest House Midoriya","Osaka",2800,"5.1km from city centre",9.7,"Superb",9.7,10,9.6,9.4,9.7,10,9.7
"252","Osaka Guesthouse Hive","Osaka",2300,"1.3km from city centre",8.3,"Fabulous",7.6,8.6,8,8.5,8.6,8.5,8
"253","Osaka GuestHouse KOMA","Osaka",1500,"4.4km from city centre",8.3,"Fabulous",8,7.5,7.8,9.1,7.9,9.1,8.8
"254","Osaka Guesthouse Nest","Osaka",1500,"6.7km from city centre",8.5,"Fabulous",7.8,9,8.2,8.7,8.3,9.2,8
"255","Osaka Guesthouse Sakura","Osaka",2500,"0.9km from city centre",8.8,"Fabulous",8.9,8.9,8.4,8.3,8.5,9.4,9.2
"256","Osaka Guesthouse SUN","Osaka",2300,"4.3km from city centre",9.1,"Superb",8.8,9,8.5,9.5,8.8,9.5,9.4
"257","Osaka Hana Hostel","Osaka",2600,"3.7km from city centre",9.5,"Superb",8.5,9.6,9.6,9.8,9.5,9.8,9.6
"258","Osaka Hostel Kai","Osaka",2600,"2.8km from city centre",9.1,"Superb",8.9,9.1,8.9,8.6,8.9,9.7,9.7
"259","Osaka International Youth Hostel","Osaka",2900,"20.3km from city centre",9.4,"Superb",10,10,10,6,10,10,10
"260","Osaka Namba Hostel MIYABI","Osaka",2000,"5km from city centre",8.9,"Fabulous",7.6,9.1,8.8,9.3,9,9.2,9.4
"261","Oshiteruya","Osaka",2800,"6.5km from city centre",7.3,"Very Good",6.7,8,6.7,7.3,6.7,8,8
"262","Peace House Abeno","Osaka",1200,"6.9km from city centre",9,"Superb",9,9.1,9.1,8.2,9.1,9.1,9.3
"263","Peace House Sachi","Osaka",1200,"6.5km from city centre",8.6,"Fabulous",8.8,8.2,7.9,8.9,8.4,9.2,8.8
"264","Peace House Sakura","Kyoto",1300,"1.8km from city centre",6.3,"Good",6.8,5.8,5.3,6.5,6.3,6.8,7
"265","Peace House Showa","Osaka",1200,"6.8km from city centre",7.5,"Very Good",8,6.4,5.6,8,6.4,9.6,8.4
"266","Peace House Suzunami","Osaka",1200,"6.4km from city centre",8.2,"Fabulous",8.4,7.1,7.9,8.7,8,8.9,8.2
"267","Picnic Hostel Osaka","Osaka",2000,"4.4km from city centre",9.4,"Superb",8.6,9.8,9.4,9.5,9.5,9.5,9.6
"268","Piece Hostel Kyoto","Kyoto",2700,"3.2km from city centre",9.7,"Superb",9.2,9.9,9.8,9.8,9.9,9.9,9.6
"269","Piece Hostel Sanjo","Kyoto",2900,"0.5km from city centre",9.6,"Superb",9.1,9.8,9.7,9.6,9.8,9.9,9.6
"270","Planetyze Hostel","Tokyo",2400,"8.5km from city centre",9.3,"Superb",8.6,9.5,9,9.3,9.6,9.6,9.3
"271","Poly Hostel Osaka","Osaka",3800,"5.9km from city centre",9.4,"Superb",8,10,10,8,10,10,10
"272","Prime Inn Shinsaibashi","Osaka",2600,"3.3km from city centre",9.2,"Superb",8.7,9.3,8.7,9.3,10,9.3,9.3
"273","Qoo Ebisucho","Osaka",2000,"5.5km from city centre",5.7,"Rating",6,8,6,6,2,8,4
"274","Quality Hostel K's House Tokyo Oasis","Tokyo",3000,"9.6km from city centre",9,"Superb",8.2,9.6,8.4,9.1,9.5,9.3,8.7
"275","R.Star Hostel Kyoto","Kyoto",2400,"1.8km from city centre",9.6,"Superb",8.7,10,9.7,9.3,9.8,9.9,9.8
"276","Retrometro Backpackers","Tokyo",3000,"9.2km from city centre",9.4,"Superb",9.4,9.4,9,9.4,9.5,9.8,9.6
"277","RokuRoku","Kyoto",2500,"2.4km from city centre",9.7,"Superb",10,10,10,9,10,9,10
"278","Roots Hostel","Osaka",3000,"3.1km from city centre",8,"Fabulous",7.8,7.9,7.6,7.5,8,9.1,8.1
"279","RYOKAN＆HOSTEL WASABI Nippori","Tokyo",2000,"9.1km from city centre",8.7,"Fabulous",8.2,8.6,8.9,8.5,8.8,8.9,8.9
"280","Sakai Guest House","Osaka",2000,"14.7km from city centre",6.6,"Good",7,6,6,6,7,8,6
"281","Sakura Guest House","Osaka",2700,"4.3km from city centre",4.9,"Rating",4,4,4,8,4,6,4
"282","Sakura Hostel Asakusa","Tokyo",2400,"9.8km from city centre",8.6,"Fabulous",7.7,8.6,8.4,8.9,9,9,8.7
"283","Sakura Hotel Ikebukuro","Tokyo",2300,"5.1km from city centre",8.3,"Fabulous",7.3,8.2,7.9,9,7.8,9.1,8.8
"284","Sakura Hotel Nippori","Tokyo",1900,"7.8km from city centre",9.1,"Superb",8.6,9.4,8.9,9.1,9.7,9.4,8.6
"285","Sakura La An","Osaka",2900,"1.2km from city centre",9.6,"Superb",9.3,9.8,9.5,9.2,9.6,9.8,9.7
"286","Santiago Guesthouse Hiroshima","Hiroshima",2000,"0.7km from city centre",8.9,"Fabulous",8.5,8.9,8.7,9.6,9,8.6,8.8
"287","Santiago Guesthouse Kyoto","Kyoto",1300,"2km from city centre",8.8,"Fabulous",8.4,9.3,8.7,8.5,8.7,9.2,8.8
"288","Senba Hostel","Osaka",3500,"3.2km from city centre",9.1,"Superb",9,9.5,9,9,9.5,9,8.5
"289","Sheena and Ippei","Tokyo",3700,"4.2km from city centre",9.1,"Superb",10,10,8,8,8,10,10
"290","Shell Nell namba","Osaka",1003200,"4.8km from city centre",8.3,"Fabulous",6,8,9,9,9,9,8
"291","Shibamata FU-TEN Bed and Local","Tokyo",3000,"18.5km from city centre",4.9,"Rating",2,4,2,2,10,10,4
"292","Shin-Osaka Tomato Guest House","Osaka",1500,"1.9km from city centre",9,"Superb",7.4,9.6,9.1,8.4,9.3,9.6,9.4
"293","Shin-Osaka Youth Hostel","Osaka",3200,"2.8km from city centre",8.9,"Fabulous",7,10,9,9,10,8,9
"294","Small World Guesthouse in Kyoto","Kyoto",1600,"3.9km from city centre",8.1,"Fabulous",8.5,8.9,8,7.8,6.9,7.1,9.1
"295","Space Hostel Tokyo","Tokyo",2200,"9.1km from city centre",9.1,"Superb",8.6,9.6,9,8.7,9.2,9.4,9.2
"296","Sparkling Dolphins Inn Kyoto","Kyoto",3000,"3.6km from city centre",6.2,"Good",5.3,6.7,5.7,7,5.7,7,6
"297","Stayto (former: Oak Hotel)","Tokyo",2500,"8.7km from city centre",9,"Superb",8.3,9.1,8.5,9.2,9.4,9.5,8.8
"298","Suzuki Guesthouse","Kyoto",1600,"2.2km from city centre",9.1,"Superb",8.6,9.6,8.7,8.4,9.8,9.6,8.9
"299","Tabetoma Nijo Castle","Kyoto",1500,"1.3km from city centre",8.8,"Fabulous",8.5,9.3,8.6,8.9,9,9,8.7
"300","Tabicolle Backpackers","Fukuoka-City",2500,"2.3km from city centre",10,"Superb",10,10,10,10,10,10,10
"301","Tadaima Japan Shinjuku Ryokan","Tokyo",7600,"2.8km from city centre",8.4,"Fabulous",8,9,9,8,8,9,8
"302","Talbot","Kyoto",2000,"29.5km from city centre",10,"Superb",10,10,10,10,10,10,10
"303","Tanaka Gokurakudo Guest House","Kyoto",2000,"2.7km from city centre",8.7,"Fabulous",8.2,9.1,8,9.3,8.7,8.9,8.4
"304","Tani9 Backpackers Osaka","Osaka",2000,"4.5km from city centre",9,"Superb",8.8,8.9,8.6,9.5,9.2,9.5,8.7
"305","The Blend Inn","Osaka",2300,"4.5km from city centre",9.6,"Superb",9.8,9.9,9.5,8.5,10,9.9,9.6
"306","The Dorm Hostel Osaka","Osaka",3800,"3.6km from city centre",NA,NA,NA,NA,NA,NA,NA,NA,NA
"307","The Evergreen Hostel","Hiroshima",2000,"1.5km from city centre",9,"Superb",8.6,9.1,8.7,9.2,8.9,9.3,9
"308","THE LIFE hostel & bar lounge","Fukuoka-City",2400,"0.9km from city centre",9.1,"Superb",8.9,9.4,9.2,9.3,8.8,9.2,8.9
"309","The Lower East Nine Hostel","Kyoto",3000,"3.7km from city centre",9.4,"Superb",8.8,9.8,9.6,8.9,9.7,9.6,9.2
"310","The Millennials Kyoto","Kyoto",2700,"0.5km from city centre",9.6,"Superb",9.3,9.8,9.8,9.9,9.6,9.4,9.5
"311","The Millennials Shibuya","Tokyo",6300,"3.1km from city centre",9.3,"Superb",8.9,10,9.3,9.8,9.5,8.9,8.7
"312","THE NEXT DOOR lower east nine hostel","Kyoto",3000,"4km from city centre",9.5,"Superb",8.6,9.7,9.9,9,9.6,9.8,9.7
"313","The Pax Hostel/Records/More","Osaka",2300,"6km from city centre",9.5,"Superb",9.5,9.4,9.3,9.4,9.4,9.9,9.5
"314","The Prime Pod Ginza Tokyo","Tokyo",3700,"7.2km from city centre",9,"Superb",7.9,9.2,9.2,9.5,9.6,9,8.4
"315","The Prime Pod Kyoto","Kyoto",2500,"0.4km from city centre",9.8,"Superb",9.4,10,10,9.6,9.9,9.9,9.6
"316","Toco Tokyo Heritage Hostel","Tokyo",3000,"9.1km from city centre",9.2,"Superb",10,10,7.3,8.7,8.7,10,10
"317","Tokyo Central Youth Hostel","Tokyo",1003200,"4.8km from city centre",8,"Fabulous",6,10,10,8,8,8,6
"318","Tokyo Hostel ENISHI","Tokyo",3300,"4.7km from city centre",8.6,"Fabulous",7.5,9,9,8.5,9,9,8.5
"319","Tokyo Hostel Fuji","Tokyo",2000,"1.6km from city centre",9.2,"Superb",8.8,9.3,9,9,9.4,9.8,9.2
"320","Tokyo House Inn","Tokyo",3800,"1.5km from city centre",6.8,"Good",6,6.7,6.7,8,6,7.3,6.7
"321","Tokyo Hutte","Tokyo",3000,"11.3km from city centre",7.1,"Very Good",8,6,4,8,10,8,6
"322","Tokyo Sumidagawa Youth Hostel","Tokyo",2500,"8.9km from city centre",7.7,"Very Good",6.5,6,8,8,9,9,7.5
"323","TOKYO-W-INN Asakusa","Tokyo",2500,"9.3km from city centre",8.9,"Fabulous",8.2,9.2,8.9,8.9,8.8,9.4,9.2
"324","Tomato Kyoto Station","Kyoto",1500,"3.1km from city centre",8.3,"Fabulous",8.3,8.3,8,7.3,8.3,9.3,8.7
"325","Tonagi Hostel × Cafe","Fukuoka-City",2500,"2km from city centre",8.9,"Fabulous",9,9,9.3,7.3,9.3,9,9.3
"326","Train Hostel HOKUTOSEI","Tokyo",2100,"8.3km from city centre",8.7,"Fabulous",7.4,9.3,9,8.7,8.8,9.2,8.8
"327","Turn Table Hostel","Tokyo",5400,"3.8km from city centre",9.6,"Superb",9.4,9.9,9.7,9.7,9.6,9.6,9.3
"328","Umbrella House Osaka","Osaka",2300,"8.5km from city centre",6.8,"Good",6,8,6.6,5.4,7.4,7.4,6.9
"329","Uno Ueno","Tokyo",1500,"8.2km from city centre",8.8,"Fabulous",7.8,9.3,8.5,8.9,9.2,9.3,8.6
"330","Unplan Kagurazaka","Tokyo",3200,"4km from city centre",9.5,"Superb",9.2,9.9,9.6,8.8,9.6,9.8,9.6
"331","Very Hostel Namba","Osaka",2500,"4.9km from city centre",9,"Superb",8.8,9.2,9.2,8.8,8.4,9.2,9.2
"332","WeBase HAKATA","Fukuoka-City",3000,"0.9km from city centre",9.5,"Superb",9,9.8,9.7,9.4,9.7,9.7,9.3
"333","WIRED HOTEL Asakusa","Tokyo",5200,"9.7km from city centre",9.5,"Superb",8.9,10,9.9,9.1,9.7,9.6,9.5
"334","Wise Owl Hostels Shibuya","Tokyo",2500,"4km from city centre",9.1,"Superb",8.9,9.6,9.1,8.4,9.6,9.5,8.8
"335","Wise Owl Hostels Tokyo","Tokyo",2000,"7.9km from city centre",9.1,"Superb",8.4,9.5,9.1,9.1,9.4,9.3,9.1
"336","With B","Tokyo",4000,"8.6km from city centre",9.1,"Superb",8.5,9.5,9,8,9,9.5,10
"337","YADOKARI Namba Hostel","Osaka",2500,"4.7km from city centre",NA,NA,NA,NA,NA,NA,NA,NA,NA
"338","YADOYA Guesthouse Green","Tokyo",2300,"2.6km from city centre",8.2,"Fabulous",7.9,7.7,6.9,8.9,8.9,8.8,8.3
"339","YADOYA Guesthouse Orange","Tokyo",2000,"2.9km from city centre",8.9,"Fabulous",8.6,9,7.8,9.4,9,9.2,9.4
"340","YAWP! backpackers","Tokyo",2500,"17.5km from city centre",9.3,"Superb",9.5,9.3,9.4,8.5,9.5,9.2,9.6
"341","You En Me House","Kyoto",2800,"2.4km from city centre",8,"Fabulous",7.3,8,6.7,8,8.7,10,7.3
"342","Zabutton Hostel","Tokyo",2900,"5.9km from city centre",8.6,"Fabulous",8.1,8.5,7.8,9,8.9,9.5,8.5
